172.6649971499,389.8732121056,250.4683189295,138.0973535195,149.1180728442,513.3923471215,548.0553674530,583.5855950365,374.3147601026,100.6916690477,42.5889958108,67.3572943558,115.8072251957,57.4516994902,26.5236642822,100.1871568220,152.8781882615,18.7557304124,143.7853478932,430.1902153176,596.2508058619,415.5540085554,446.3397502471,216.0152291742,404.9601325721,136.9353067767,468.4999063806,76.0715974159,465.4789816919,67.7081681451,103.9288736777,221.9507223022,181.4895973381,268.2433004084,249.6077032967,219.0794026653,160.7845563956,106.0174377704,799.0662318370,322.9877253924,247.0760833641,82.3400918389,26.4079481504,142.6854831210,401.0265833939,82.6736726202,130.8550140080,260.2484609592,248.1626112355,171.7548497101,186.2478764821,138.8266841756,247.8021695086,322.1415115375,260.6070634764,248.2463567801,76.2827787963,105.8773570425,211.5014611198,730.3527277989,86.8183507971,41.5850562005,184.0857953578,12.8783247146
482.3729670381,828.4985189267,447.5284297517,886.4741371592,298.9841064594,734.0754021502,647.2422230615,669.0337783437,492.7642029490,713.5044930662,96.3744700021,73.3525679546,949.6049556348,322.7143059041,1654.2301993479,52.6768371045,176.9451435211,736.6233781078,444.1685735437,1387.9433485606,377.1133387955,33.1552724405,2073.2720154088,1024.5170963950,1570.7660531732,439.8270488882,1555.1006139734,642.4369813073,1407.8044643175,595.7284883153,1176.7869688019,201.7244284325,586.4416286101,230.2814397408,727.7431407341,393.4764781831,32.7480011820,573.5663101147,1088.7583075063,324.0496990264,825.3107639148,574.0377529330,81.7172782604,615.7688749319,1491.5207017370,415.9142691649,483.1233706789,1108.7464769891,601.3940968025,783.8135515161,1162.9096991276,93.0913021043,730.5047880691,1630.2919412744,751.9773003630,585.7615977471,1331.5171631293,832.0797475122,687.5526584126,3384.0733204488,121.3595610537,324.8562493264,510.8099151438,1130.5106614019
9.6391416098,138.8767944033,220.1264658539,8.6694435275,795.4700291056,348.4904070546,38.7146220170,576.4821091856,3554.5969561996,0.6523063548,200.2213496885,108.6438659291,55.9362395460,13.0276288499,235.5019237747,188.9291725553,18.1276151053,5.2195488129,467.7943348695,3.4265271117,553.3310070075,2913.8557285534,143.1762638240,330.1727948581,92.4231228311,71.4063172066,247.8072274971,529.0052847725,848.0396555874,301.0346575759,55.3996410092,297.3726672491
0.2257758613,110.9574023169,121.3127871095,0.0000000161,14.6591665314,32.0346437135,1.3992582452,325.7365547494,59.1217176077,0.4084354577,13.0398295079,6.0487284509,45.1520587721,0.0005246535,50.0044887600,377.2275683806,1.0782499933,88.3449511231,4.1636046321,71.6538714109,537.1844484374,95.7695004338,1.0566090550,22.0904412263,7.5967877005,267.7224500862,27.0864254240,36.5602443284,306.6476081424,389.0287482773,0.2772949609,0.0000000138
687.2033737464,27.7395380806,246.2341759371,12.5385165206,1035.9697162765,6.9348262382,92.1211309067,548.8000089221,1205.1613877378,24.8864828511,37.6155446408,1.9146251185,193.3737708120,0.1075098221,361.6911618255,76.8784138818,83.1152517113,2682.5106258307,2991.3998750376,81.7580985105,3698.7434639008,79.7113143796,892.8469089383,7.5835533418,455.7805786160,62.8088590267,301.8492192633,17.4785934493,27.4238544736,69.2540172796,19.5470200900,339.6350767311
28.7170961401,115.3301322341,251.0276714304,0.0224367726,85.8195736553,70.9300414771,25.1954051135,76.9374176895,137.3114428822,2.4457403356,27.9354109791,11.0813618343,189.9062759121,0.7236416955,23.7261251270,304.0624145578,2.8125322018,20.7055674522,66.6806512797,50.6113933212,1263.1732401185,129.9648534958,90.0300660874,72.0707974381,44.2307141273,230.9519730610,31.8635660463,195.6885295047,209.5416973491,828.4077276807,0.5092266334,1.0250475336
122.5781345628,114.4399109388,355.9339960285,0.0000000139,89.3538909931,24.0931001997,15.1693350937,66.4545775271,104.4206959850,0.0349292107,29.4185827380,4.6270818018,80.5271737160,0.0817319402,39.7424449377,428.3848018921,1.2550594912,109.7354848957,28.1733667146,88.6829848854,1306.9116696148,24.2819356712,17.0850626921,28.7351496892,38.6349413624,166.9431571374,11.7574459823,175.5451303957,154.1243821453,707.4467809255,0.0588137032,0.0407887442
177.6954025247,220.4992575965,83.4825025667,37.3382539352,643.6409203642,35.0362070706,12.3932565062,1164.5049245312,5700.9839688810,0.0603100028,122.7349999431,123.6167018593,271.8952108510,17.9555624366,890.4876929538,5.0474040393,6.8242019554,520.3379603502,4271.5034089758,3.8130515223,2810.1158052204,1276.7264357060,498.8131134880,31.4852097912,59.8256193718,30.6249416113,163.3005959742,91.4000331405,205.1001527242,13.5557099894,144.4178659251,854.5116174144
2428.0160968565,389.3714468120,3230.6111252731,49.2874272158,3938.2634639897,449.4031669115,371.1922987487,3182.6623182016,5119.0267595662,354.3484617303,347.5260629499,16.3367233063,519.6354918516,0.4222195191,698.4549580237,336.3882764506,459.1661719107,8638.2485910355,7076.7464631464,546.2220668329,11038.7538443777,1087.9784491603,2334.4502877051,809.0419151077,2013.2258313891,449.9014368740,967.1804503228,127.5281321892,894.0330344620,353.0014496053,24.5131995328,657.0182326106
572.0897450892,48.1131818328,193.2249089416,23.2199042383,425.1729667480,14.1995336002,111.4291451860,53.1496686538,2646.3914402525,1.2471822113,61.6570171942,2.5928457704,291.6984296931,3.3246515957,660.2620345003,6.9065890107,22.6578050804,2278.6579494873,4824.7396249577,25.6451503675,4377.9793123965,336.5421434794,1148.0843624885,17.2844463893,231.0894449206,13.8472944519,103.5451391738,14.4409910490,85.9028940564,5.8964242827,56.5716834026,654.6979475937
0.0634915935,43.8871978129,30.0686354104,0.0000000172,5.6220916992,10.9538690963,0.0432329451,128.9406743050,15.9135554595,1.6488778715,3.1658078571,6.7818463075,13.1618227219,0.0030758005,20.7024734131,153.5420836322,1.1805767081,29.5903192810,0.3015570716,17.0424295287,159.4343249893,30.2611020267,0.0026179486,6.4453126516,1.9031419917,88.8527309204,7.4175355395,24.9164827947,107.7721721514,134.9492647016,0.6051498717,0.0008433382
5.9157456297,80.1529476629,252.1154188892,18.5131515494,557.6129051294,291.8938567524,9.5892356530,423.9436894137,2815.6532122242,10.4875662915,151.6773624186,48.1653400572,75.8060525824,5.5509406693,144.1880233584,83.5607700749,34.2416057789,8.4836592342,381.9823225596,6.2988761226,586.1515296603,1910.1643556871,65.2870033945,196.6256595927,96.6216712532,41.6472060700,156.3924712298,188.3145963280,728.8148941785,98.8352113411,31.3586542284,144.6467026524
4.8627225679,218.9889042963,44.0910741648,3.5368610065,369.1641820148,18.2664406976,120.3167619342,1443.3378134824,4792.2253616290,0.0846704037,47.1101306575,170.6069404641,128.9624270813,19.9844312432,646.3814900998,0.2145774920,53.2287045194,55.8297767445,2180.3646315409,0.5576095553,1197.8237293654,1125.4920675170,35.9895591165,27.1683133550,19.3588511540,17.5026728339,92.0854445186,52.0203547324,82.6412172939,15.6079880639,129.3243775040,633.3793269044
591.6983623774,41.2937111647,56.4163239619,0.0423052359,588.8638714261,21.5397666499,116.1259062089,1250.9648261160,60.3426858783,0.9721508991,0.1489021500,4.5047258037,20.5141774545,0.0006469725,1.4007127871,43.6451902746,13.1249254036,417.1248556282,225.9267102604,12.1200844702,553.8566809286,34.4667127319,79.7490126750,1.6895989415,206.1529380700,157.0204934004,73.2930635669,16.9248835883,341.3616481472,40.4670841618,0.0800073008,19.4501093560
644.7252684843,91.1417102906,136.2664867622,0.3497089331,851.1214968068,44.5315393898,74.2435567121,2015.3870854355,180.8912141589,16.6662723627,6.0101345901,11.0930321260,48.8407907944,0.0003087727,2.0068024798,190.7380939866,33.6990885241,589.3492753003,438.6847514327,19.0798872381,865.4154010435,77.8587279988,111.8329759025,15.1936858574,321.2502355908,268.4004332818,118.5535424171,69.5044650780,467.6447370542,189.6178254718,0.4141369085,45.4332529754
473.1017423334,57.1932318054,119.0945793677,35.5985470845,405.0480277491,4.0061268495,55.7453964201,137.1900335014,2679.7279413531,0.2569143748,65.7581452794,7.9975342251,263.5845618120,4.2063682497,646.3603633631,2.3273285111,16.2610381012,1530.1704601574,4837.9787082599,12.7040742423,4037.9958269224,220.5038530492,1097.2944692261,6.4086270371,167.9547899404,11.2496220482,79.2152537338,5.5718012847,57.8299022373,11.3485767377,64.6700093645,638.2619832227
70.4716504913,361.8998411898,226.5508285203,0.0003529087,67.3753081848,33.7082062701,31.6885449339,460.9411184536,269.2318454565,25.8665689955,28.4526301803,52.6110542508,305.8276998517,0.3126442193,117.9156936482,996.5139194209,2.0730108546,120.9356228972,85.4023638998,185.9657599998,2626.3387995001,94.6643809817,58.2360341623,48.0176510452,15.9142267415,726.5318027360,22.7831605790,428.8423663811,354.9250064455,2320.8779178211,28.1528724332,0.3294932974
11.7624820151,59.5971002930,7.3352779362,10.5099221709,85.1543056561,3.1665882330,21.3315065818,244.5291022822,1056.4165098810,0.9151866632,14.7087743592,49.2677283909,25.4131744756,3.7131267712,140.1736606543,0.8692254068,18.2540623788,9.4622775410,416.1921380312,0.2647830547,201.9731429587,252.1481868698,6.3875083752,7.3316365158,2.1380595762,1.3676854620,25.9499496385,17.3977956041,9.1177910984,4.8598005075,29.4555284660,158.1199831515
68.1087630765,64.1667775126,256.8021816002,0.1813091191,164.7051849993,7.4317671829,9.2023933683,22.6282196639,35.5518253549,0.0978036019,35.5863263454,29.4527260880,61.4176309675,0.7975932993,5.0864367490,188.2176568877,13.3438545621,16.5680728190,53.5746848189,49.8096154063,1293.9305657177,83.8312061096,53.0109869671,14.6989438676,29.7140596317,113.1591774252,39.3628627961,218.3475592981,90.2699227667,668.6719429178,1.0395110800,10.6329599259
63.0062687211,72.5915807211,23.1470022612,20.4059343837,119.4023260683,5.3449338404,49.5143215609,245.6863100399,1730.5388845301,0.0182497668,30.5437546007,26.8529039952,82.1668393879,4.8031889027,319.2077102982,0.1475332306,0.3338321738,155.1050292050,1707.9057904782,0.2946767967,1140.3146206320,254.4530700452,206.4484956165,7.1398551200,16.8250693652,2.0011897729,27.5780428361,18.3790271843,17.2770093424,15.9214541744,45.6221253937,291.4038952096
101.3772792675,216.1029956938,68.3437353473,0.8810658788,369.6277327872,35.9658073212,23.0773048081,255.0493143086,424.5816863206,24.1295005031,29.8043144001,62.2579303264,289.3255113478,2.1840635951,101.6534894558,677.0555760243,19.4183812883,67.4876443451,22.8199048480,20.6815605791,567.6516470361,614.3599124087,167.8040251064,34.8694685869,9.1793242406,365.1333060064,135.7916264074,653.8944270000,145.1648177080,1024.8364243416,27.7315036410,40.0325250650
113.7599491803,1180.8493140171,343.2546685225,0.1492429906,454.1155116447,166.7212285228,16.0546620964,3381.2969597773,325.4950021239,255.0691005965,19.3878252404,237.5687732762,928.2825491305,0.1786690723,689.3244953065,4337.5120092056,125.2906997281,999.2193244209,18.0573964312,205.7365172660,1024.1527293130,406.0542012567,45.1852972564,59.0569477693,212.5326967179,2623.8632779639,291.5151886543,1405.6134558412,1482.9905020996,3967.6141840134,276.2114130733,0.0265619274
12.9553096391,0.4934996617,3.4072845326,0.0972915679,14.3561814416,0.0907167866,1.0825998436,9.3161864067,14.4010936243,0.0220661317,0.1448150523,0.0144753755,4.3689382534,0.0030270425,4.6703767164,0.5448804751,0.7373303021,44.7068106853,36.1978974079,0.9207240839,55.1090029092,0.3718506650,12.7395024005,0.0003213951,5.9992957571,0.8909163593,4.3860019611,0.8945480662,0.0656601433,0.0652778055,0.1811054809,4.2655014389
684.8164504645,20.6740663249,112.3695576860,0.6608897495,665.8437048186,10.0862475012,200.3498801362,1061.9624080987,349.8185443577,3.4444467401,2.0007601303,1.9683167559,85.5232002707,0.0000000178,61.9402136072,19.6525922914,13.0490099552,1405.0962989170,643.1366046031,16.3376640310,1190.2931486297,16.4856497136,174.4139119291,0.5237450357,260.5214900117,78.1892666663,238.8228951264,6.8693162557,110.8963834040,18.9889475154,1.0600967157,79.1598464807
83.8430596249,1276.0264276220,188.4686754804,0.7584619312,373.2217902748,123.2619292352,51.4866170714,2907.4685181577,397.9766760294,303.0178700543,23.7861913452,304.6297666557,1613.7018155825,0.1090358493,858.0466574194,4110.3996394900,84.0839918185,519.2266266004,31.2420674355,186.6902854941,1009.2484660067,230.8221305025,133.2575311219,40.3179835144,115.8151421503,2512.9734582818,108.9737590674,1758.9300945288,953.2917000529,4422.3412705650,373.8860458972,0.0016626453
0.1118784963,49.1684387665,46.9750656580,13.3851515930,174.1991187328,10.9744532849,1.8900180983,538.9585454957,901.6300650936,1.2765675437,22.8937008725,93.3131915885,6.9416406463,4.1514050657,116.2398935157,5.8633623123,30.4579989167,1.1951018699,188.8624999138,0.1034536795,22.2569233276,373.1116471507,15.0159380499,4.1228957429,1.3399303496,3.3330193858,59.9109651852,72.5086281684,1.6400022328,24.4549391214,33.2855948683,179.5546573354
102.6613652893,1140.9654975821,405.8081896843,0.7812437432,296.7992689535,75.9545339433,38.1885646398,1901.8329508531,411.5261892799,317.6835734484,49.6327329632,240.8027708637,1673.9016244940,0.1666584656,905.3682396309,3838.5653581767,35.6570244857,659.0283712684,33.0761983999,212.7341325652,1823.4179355472,220.8089910588,149.5630530305,58.4571656243,113.2304467461,2277.1778371177,106.5312093682,1694.6948532561,681.3045502291,4498.4534647007,369.6162599650,0.0000000146
14.6275986601,108.1280838195,62.5006931806,24.7550195080,325.5338244454,32.3612173296,9.6408224118,602.1242180803,2558.8609697524,0.6850504804,92.2961589165,104.8866788100,43.7027619532,12.7199714050,270.7700157425,4.7089373857,22.4222746290,22.0972859316,773.5132391519,1.4211552680,518.5611578365,995.3555456019,23.2517686623,29.4873192836,37.4169569880,9.2289231393,87.1219187825,75.2917704748,140.0698943856,5.6657581740,59.7944195804,281.1963184235
251.9807442946,985.4904855577,204.9635487496,0.1667590317,617.3188718136,134.6937537706,25.8678611295,3231.5007010481,408.8219713623,249.7418379907,19.3901954614,217.3266038985,1050.1584320084,0.2929166982,732.7289982049,3290.3772167984,130.1663032552,490.1570586878,15.1675052224,75.1385502365,377.4869964575,219.1945115399,59.0987262462,31.7797607342,227.1812196521,2022.0958402661,106.6804126555,1344.1748072111,1088.2656569850,3173.9227868049,389.4146938704,0.9876313012
17.3096919175,202.6779452713,181.9700462886,0.0000000170,22.8774299449,39.0244448056,20.2094596425,318.5741868437,192.1924452455,3.2319959070,14.5167230110,15.7108953903,111.3174904237,0.0018403745,96.8240193492,541.8543127555,1.5870697908,182.1143441617,15.9624410693,24.3833614375,754.9286754753,141.9601248018,16.4119918561,33.5370502316,20.0772789644,382.0647135549,48.1206444639,150.6783432953,347.2332824402,769.3695638067,0.9957387734,0.0000000169
56.3422450033,284.4999281746,90.1899279232,0.0111259348,127.5523683844,20.6949513408,18.9226236096,421.7668896564,166.8348073491,46.3151473162,12.7942557941,52.8683909539,413.5093992080,0.0088738050,169.4470054332,996.7092329690,4.6272991532,159.6801627624,19.0889631353,21.0822587903,380.8508475028,85.4697049351,51.0651180819,15.5947869631,14.7320320549,562.2635535383,51.4543305644,523.2064626515,111.9984482031,1236.8529971317,50.4912507443,0.0000000139
21.4549847606,87.6707927802,8.7432559502,0.0015464746,87.4586335647,5.1803384801,7.8083662136,93.6349469379,58.2580252975,11.8624807644,3.5229600142,14.1263761567,117.2810944119,0.0379395771,40.6447492294,301.5224515647,0.5858364216,35.4981788981,7.4741733181,2.8017083137,73.3317296537,59.6936623463,29.3457796594,3.3854160868,1.4660609544,169.9311621227,18.4873412068,207.6322552004,12.4893555455,387.6971183315,8.7845400878,0.0928341498
82.4981944315,302.3570959804,245.3640041425,0.0369698037,241.8649123335,31.4301913241,22.3473632096,225.7928454408,226.0712588650,14.5632233052,36.2193861012,32.0787257184,324.5197207014,0.4119683656,85.9041454940,860.3578501910,2.0291966195,99.0733969942,63.8085192297,61.4326401536,1482.2394260503,207.2129724678,110.9343410586,44.8880174150,10.5873287030,564.9528612258,57.1817808623,607.9253974331,259.2992347451,1565.0013353954,7.5575689219,2.1391936942
40.0879316158,146.9207713333,110.7380465299,1.5474494546,897.3135944389,44.7480706673,5.5400964640,660.3964832822,1866.8072324490,1.1795891416,67.4144517160,170.6154265433,52.2468407627,11.7904598483,162.8966714330,330.5107672037,58.6927151742,18.4645812784,143.6529785828,2.7344215181,231.0752897759,1401.5979929887,121.4534416348,42.3567797685,21.4241408784,156.0734367633,267.6943632406,465.0446318150,104.9086206300,401.6952419348,56.8164427091,173.1698528177
17.9443785928,200.0387284270,45.4770461020,23.5795570530,502.4756618116,36.9032442912,64.9560117010,1033.8826747769,3744.7663209388,0.3196749249,73.7000046907,156.0713323804,74.3423132432,11.1567762612,479.2954469517,29.6364850107,51.8609308613,15.2775681224,1477.4780002344,0.2821572691,619.3509082970,1255.0581231396,60.3589450162,31.3111330461,14.2600016850,17.2476862879,150.4753230292,173.6233146805,51.0294831017,39.6321541624,97.3772706690,489.9943765756
1492.4109853726,163.2499524613,996.5219106380,0.2759576331,1990.3995958009,171.7287170941,250.9152634338,2810.3047593725,1398.6144352278,83.0916683264,58.2753242858,10.3404881908,168.9643400416,0.0014118054,124.6989059093,225.4425602233,141.5891435211,2784.7612736557,2054.5742209134,138.1556898299,3939.3280378173,206.2503909686,872.5435094684,200.3956762441,909.0527456499,359.3227998466,359.0653397262,75.3586112504,540.9442656277,294.1362374571,6.6821927022,198.8088729327
1070.8214592195,380.3805743571,2231.6498622642,0.4844521927,1422.2730298901,286.0465640865,193.5619494883,1827.8513568532,2880.5323565965,253.4219919887,120.9069189436,11.5564110085,181.8556577628,0.0087752471,193.1381518604,349.7801149170,181.2364847492,2547.7016477725,1725.9677929955,291.8838465737,3748.9607249204,368.4830490182,448.9755715707,540.0586875290,1038.4665275758,402.8909402753,467.5638086918,123.5253220067,577.4308021295,471.1960692071,9.8713734541,213.5433647248
280.2607701639,94.5565526360,131.0007854715,0.2006569554,567.2246274395,9.5757608833,96.4964264589,949.8973061888,253.3133724740,31.5546515275,2.7786768977,30.1703402504,66.3075506209,0.0184066379,32.8509525748,346.4878379095,38.8269144200,777.0806978133,358.9812650313,33.4267157579,840.0034287518,12.7907963263,100.3936931774,2.1531269668,222.6973724118,240.8909308264,102.4398474600,175.7789318184,101.5794074190,442.9520752147,6.6707859074,48.8689002329
7.7523996373,10.0255615928,1.1200518388,0.0000409447,6.8995155819,5.6235044083,0.9358084247,94.3356407291,0.0810800212,0.0007042630,0.5628385421,0.1183105905,0.8816394552,0.0000000152,5.9176375864,33.8239412560,0.0347141680,8.4108150188,0.2572025590,1.6649024494,3.9716712253,10.9661445558,0.0176501977,1.4171663852,0.4512019182,31.9364758500,0.6628521049,0.0232381745,45.4547945533,9.8668883709,0.0259206137,0.0363064847
217.5497234704,445.6463997478,23.7025702896,0.0000229256,367.6235507000,57.7791300245,26.5458150298,1912.6206239076,170.6942828739,99.1446778572,6.5531388856,128.5278011660,303.8492893022,0.0796153979,227.2376234788,1522.9656137013,70.9703161963,162.0937791300,22.9472441075,17.5222456780,208.4180875367,93.0796740580,15.7279210065,10.2983200483,118.4268629722,972.5064759202,48.3559378617,628.4244058043,620.8945660401,1544.2975356958,115.4534748747,1.6911546396
569.8467711300,232.1862861029,1915.9686138535,31.4464861974,1389.9705025130,431.3674937160,87.8342946752,385.7957124873,4771.6989421081,206.5044638366,325.4581208718,9.2848313721,298.3657965699,1.1651989559,594.5290854201,127.2954641672,211.1647035749,2592.3752500285,4939.1286647921,161.3841484908,5912.0843755960,1333.0267001943,1476.0121768029,547.3626766144,780.2112693437,246.8963288152,368.4140431415,40.8499446640,923.2611490839,141.0817106030,38.9292469523,580.9398274089
23.7210754843,115.1039255325,23.2607447459,1.6380460260,152.6277882388,66.4525547927,9.5563342753,131.3552949954,700.5277401870,12.1682581350,26.9378705708,17.8666097354,295.8197444755,1.0729408422,91.5307976133,275.8174634231,5.2139898347,23.5786331742,46.2205371243,0.5006361181,110.8482108765,716.0798067293,71.3860211342,68.5349978023,15.3237774319,149.2561996146,41.3260436374,318.5232890982,178.6081953332,330.3645055580,13.7695476646,23.9503344141
4.1229696170,39.5145525240,202.0334990505,1.7103873820,298.9679608566,260.8598623575,2.4618897192,89.8250144467,1900.9760145998,13.2721495184,140.5343528402,18.1689123210,91.5649214341,0.8052578924,30.7017379940,88.0896120778,16.3837645282,1.2961363118,34.9380354795,3.6370544512,486.9659980985,1415.2824708939,73.0161727404,146.6095685315,67.7480334448,54.1089191019,81.1070044744,128.4114812782,619.2333405076,119.1384691359,5.9309846680,23.1068810459
253.7466564580,180.3047526952,104.3734926912,72.5621093591,632.9296866439,15.7746634404,211.0389462445,655.4486808655,5313.7765091273,0.0891677612,140.2057758735,62.0278256130,310.3895468800,11.3553311746,979.6954057005,1.9720203172,10.0597499346,1243.3979495787,5846.5496456225,4.9072786643,4284.2619236083,924.2538204537,732.7329742536,28.9914980106,129.8522518203,17.1658170351,148.9238253965,31.1051928453,138.1804820785,52.0942620402,131.0024464047,975.7275588302
22.9097902205,29.5169236294,93.7718369685,0.0077329547,8.0629399229,3.8221520751,1.4454915060,22.8334729694,16.8145619272,0.0009623495,10.7543121661,2.4107586454,33.9108596112,0.2253635607,6.9517275780,86.3621850108,1.3462203164,5.5150650018,9.8548081231,22.3458867095,595.3494982620,1.9589331230,11.3733825110,9.4522640450,15.0860453361,63.0663490080,1.9855719135,24.7135823886,72.9738254535,283.1507484886,0.1370755259,0.3938626096
146.8835329515,26.7412182736,59.5799765615,0.7849774899,260.3716792761,1.5413453745,16.4513378682,216.2079130100,219.7809185534,15.4440805150,3.1646626854,4.9526754744,62.8368298854,0.0241529305,70.3461357359,102.3725329432,20.6085239432,613.1432646163,424.8535031293,20.2907367074,690.4437647002,7.6094742397,144.9124277959,0.9726975865,118.9194367898,53.3037652423,81.9728787504,38.8614912274,2.2231897511,131.8518576083,21.6023552233,54.2881761053
6.5168171778,43.6781862446,356.3240346582,0.9925060280,354.6759853936,391.0731522716,1.4969092849,121.7685771755,2376.5053540554,14.1479457917,140.0830874032,20.9241075309,94.5319488576,1.5948047449,46.9866936411,103.8407519544,18.4939331156,2.0498573508,96.2709470918,7.0443616692,540.7169697136,1753.9833065396,81.1452403439,263.1162236256,121.0752366571,61.5923001621,82.1686875700,179.1007003087,912.2981663786,138.0421349400,9.4504554312,43.5330129551
177.3286700619,209.8644246655,537.7204741883,0.2235832026,293.5035116650,7.5252355059,121.4174924446,98.2487688854,65.3783468097,4.3820682297,48.9022974486,64.4929784407,208.2181700114,3.1901492199,27.8021361809,572.6801574516,34.1682680843,52.2514655029,202.6399471404,57.0868308362,3897.9627459507,66.0263663964,122.2535525182,33.3673040385,78.8901652039,368.5142371159,93.3098082879,440.3011768407,234.0362339946,2013.9581125375,6.6739763413,15.1936550431
607.3738460858,34.2979391186,138.9272893398,16.0907791544,496.7149861877,5.3983723500,53.3809080630,38.0498419092,2033.3675742455,1.0436459344,59.0664776764,6.4012170080,234.8778957439,1.9748500527,515.5573368633,5.9770955354,21.7813606674,1973.9748393116,4034.5767671254,18.7247242834,3730.4049415231,226.6062568084,1037.7792841859,4.5745443086,194.5878991812,10.4509349417,90.7470412688,5.5186383754,58.7948274703,1.4118815919,42.8195683751,514.2805305099
8.6120248424,109.6732421989,254.1837154864,4.8087949993,771.4872030535,363.5174187749,22.8535358783,506.3734993257,3202.8292137662,3.0688096693,153.7430777830,107.3358265717,45.3172126707,7.9093363929,173.8030964577,162.5915295026,44.1922582098,3.4620513476,330.9303439044,4.6028151275,511.7828432562,2509.3023368073,88.5796229585,294.4357144502,119.1115161114,72.7152232997,208.2640362508,347.8038070478,840.2928423953,192.5417333441,41.7381535275,154.0761676535
132.3333129795,65.7812357455,445.5086630924,13.4847464372,345.9004373946,117.8269809686,8.5385198070,104.8306189377,2449.8514834416,80.1611001214,212.5399859425,7.3227006835,62.3647245152,1.5384570998,160.0938057926,64.6908203670,82.7059779094,360.6074983561,1177.8435959803,27.6261177459,1574.9709417905,1099.0745714494,276.8021897826,111.2067300204,163.9252967935,106.0635059648,71.9150506765,37.4278500879,350.6055806159,90.8643528918,15.1199250313,154.7816099990
16.7538093903,73.6944346099,36.0635531087,1.1395401653,261.3345041387,49.1117416573,19.6129570751,240.7408167099,1283.9453628333,2.8334416795,47.4645509656,32.4584913524,111.8412479652,2.3371284573,101.2446730150,153.1047916826,11.8185046404,8.9177185022,219.6153382163,0.9823106022,246.1817251783,956.4359199286,34.8270377630,41.7660115759,23.8497304147,63.3780423876,68.8010416401,215.6708565335,168.9545481578,186.4249144275,20.3499216255,81.9163069902
65.8533582355,176.6385728873,156.9094963658,47.3137120283,774.2398082533,196.7273973656,6.8937358125,516.8881868938,4724.2719806536,3.4261534874,187.7951152479,133.8505765847,146.2284568806,7.7055603085,480.2645507824,101.4311887148,20.2275322045,140.8602093149,1905.4443035289,4.3350378212,1738.0151427583,2521.6487342755,164.5642114941,167.2119779870,101.6634127694,42.5395170192,207.3915371531,284.8637953560,557.0064353282,144.4814811126,79.1074601790,419.9366429802
2.8745982029,144.5546534590,119.1549412296,0.0361598012,392.9024714234,18.2166506197,5.1580088134,1273.6943546405,2936.1077186074,0.4901442332,21.3332012602,219.3255007452,31.4529174722,15.6402627605,307.3665038992,5.0960224940,102.7876493491,2.7473704506,510.5613596138,0.1175332100,93.3050713772,1078.5129838898,72.5530862195,18.0909754688,23.1007136512,9.9310054785,107.2861523280,97.5859167214,11.8975536417,1.5468964991,80.7863538055,323.9142094479
609.8976778819,646.1112635517,51.7255063013,0.0367502261,809.5268074786,102.5976398959,32.9775598745,3506.0946318304,262.8943531358,140.3474381376,6.7657898906,166.8034825528,323.1875514827,0.1402380257,282.5731122817,2023.8670679324,127.8537018099,198.3913836380,109.4178311093,12.8659466677,650.4213748735,151.6792788447,11.0723935482,10.4155452703,293.1206800375,1440.4617685621,150.1253991307,858.2393724098,1119.6178549851,2061.4798042818,131.3905387547,6.8732724348
124.5291352817,793.2263648719,459.6667017665,0.0455991886,272.5488259658,94.1826563015,58.5003079778,1372.8876563398,396.6207855610,127.8047335401,40.5674164199,122.7459468858,986.0287851962,0.0819941010,553.4056268741,2774.2392691539,17.9631553947,657.5506053720,35.4919385659,182.9510627528,1556.7025348626,265.6286910257,118.7611839396,57.3594656303,45.4703241382,1476.0346568693,149.7417587265,1185.1746606326,750.5487943952,3235.1283220131,161.0597008050,0.0000000172
354.9118647820,379.8663278036,871.1606636715,23.2287719529,1383.3287715804,357.5222396972,208.4393505365,1264.8832958506,11373.1989362900,61.3382548831,521.3746951630,198.8017975036,377.1930939989,16.8443520080,1399.1950057578,80.8085406352,49.8600920528,650.0698257466,7045.4545926809,39.6873183892,5820.8789087879,4351.5712529520,820.6815931975,353.1861389363,261.6496011487,101.5328466692,313.9505300342,311.2088294619,1113.3843875241,197.9115679570,202.9662212372,1254.6568471065
1196.8102667223,106.7931117051,85.3065942655,1.4604080631,1042.4209711686,48.9457400293,81.6190848285,2648.2540441833,350.4599745148,16.3609317404,1.2339304665,13.5158453001,70.9739728461,0.0079275101,8.6557304963,191.0042414204,47.9431313081,1008.7239604652,1036.3655459022,24.0398375670,1666.9041450898,68.6180853649,309.0132199901,2.7886314829,402.0378074261,340.9188844078,120.6211127820,48.1605732326,500.6007652123,190.7759712355,1.2541683607,87.8751794697
43.6693869743,217.3999122901,155.4008929476,0.0061876621,45.0013503974,33.0962955157,13.9568475642,414.5978850882,112.6629978386,15.9492434776,26.7390522273,28.8099525878,293.4739705482,0.0196168880,126.2791534367,711.1001201710,0.7544873078,79.2911421950,24.3242582474,102.4802054177,738.7291837148,85.6370708264,69.3457699084,27.0398572320,13.5370028272,481.5255145723,21.4701310653,287.0050619136,277.2694300939,918.1344932825,13.7344633112,0.0008632161
83.7818531966,190.1318689220,43.5713565200,0.0997428442,218.3804596549,18.1484546246,19.7803963104,785.9571282398,187.9849909088,47.1392683494,3.4295446441,56.7135332319,112.3529237546,0.0423190279,53.8029663716,676.9027580145,43.6624874889,104.6694340972,43.8689573509,7.8737583990,249.3453106725,34.1438895272,21.4920778735,5.9741881364,93.2492417669,407.0907672295,33.1640513596,354.2892523811,133.3875188271,828.3419199709,33.0116696551,6.7789642925
125.9484013606,277.8601992326,1040.9758580156,0.8621748739,1576.3028443457,545.0838722260,67.2510467942,1725.0632627808,8357.8366823806,46.4541212191,343.8161163291,160.3764041300,182.1347095165,15.8158311200,794.5852090276,52.3954011161,68.8462911798,331.8506760400,3356.6454081640,44.5499976666,3079.7129508028,3352.9397248351,216.2505363198,396.2365981222,310.2613284261,113.2291477412,408.7308834839,215.7604485110,1278.5968057079,136.0722329910,149.6435020238,781.0774217559
59.0145264993,200.1109202681,1674.5215480664,2.3328078438,246.8901407532,358.3437282916,7.7807559708,194.8753963535,1954.1138804671,145.7489083040,104.7080191308,3.7546743972,31.6700885953,0.0594582178,40.5156230239,73.7847019211,84.2415082415,210.9707248253,244.0543984128,127.8110771764,885.0976406086,511.1783169638,108.1461045282,455.2356922141,386.4188010072,140.3504732160,132.6905283471,15.0203462181,692.1226906008,83.1497914738,1.9539032243,28.0387692743
2023.5487955007,14.9456039206,427.7751047194,3.2115587229,2512.1079379944,12.4758730974,363.4617930779,2102.0655312748,1546.9038202883,20.0351773214,22.6181419585,1.1744173928,390.2798459585,0.0692749075,448.0614529390,55.8294287302,105.4814521438,6674.5547532084,5073.4993397691,222.6436596811,7774.8288985369,36.2246867144,1517.7202801023,2.2861472572,1045.4394960212,132.1040756232,594.8276400362,9.7699579983,60.9918392955,54.3031812609,18.1817613486,521.3022686530
59.5176543537,46.6458029187,195.0821234657,0.0832141697,88.5959112769,2.2915867746,17.6026048044,5.0095390435,41.7335397105,0.0092011258,30.3900084935,22.2457657577,73.9804920684,1.2135563876,9.7098475524,136.4564444461,13.7936239882,7.4878267040,101.2549855971,49.9184087147,1350.7894395750,13.6071680249,64.3173828846,12.9675986664,20.5121109571,95.8292032626,25.2911164888,111.2811647003,106.3434337006,607.9882843137,1.6742971334,7.7423416666
225.4593360374,4.8376600239,31.7485826189,0.6028147796,194.7266019529,3.5150544191,18.0865381224,250.8104819235,211.0293691171,0.5938452270,2.4790232848,0.0254207240,40.0740523019,0.0061774717,36.8247947307,1.5396913349,10.9498068342,550.0409156451,557.4675901013,11.9701737359,754.7734597473,1.7834677677,188.9872823205,0.0121404372,88.1778030695,23.2539603361,34.6341848925,0.5950109284,5.3479237703,0.7180790137,2.3569404326,59.7215518261
429.1722479246,73.2881955125,91.7294408422,37.2426347364,357.1989914728,4.4730097323,45.1302576563,73.4382011060,2515.3193472146,0.6220715465,91.1192133768,23.3857422358,229.8319352915,6.9204651004,603.8948046166,1.0552952563,17.1886779947,1438.3489789258,4196.5769161672,11.2195987783,3328.2524754945,189.2665930887,933.8564910683,11.2189274925,180.3414394275,8.5340778178,69.7910581639,4.2111009459,51.9175880044,8.1679605129,63.8925118363,588.6203880006
287.0967004973,158.5392887918,424.1761334315
36157.1145332160,95343.1064848765,19686.9319576336
4181.4210534526,10086.4871030253,9228.1842958473
22.7336696565,2.3505836221,10.0425337276
26508.6435142475,19684.2060763038,17435.7194854830
20450.6046112631,14012.1454507991,50771.1205049392
54.0538371775,208.0767141843,101.8282389450
26653.7309314885,70404.1072967719,19531.5110570668
76100.8508568288,99161.9017808956,264204.1310751244
1784.8054282798,4738.6037823479,972.6551314505
9731.5814630941,4576.4418568881,21671.5446638267
9405.5701785688,8426.6071271505,2453.1458313893
3793.4422938106,10255.1458646701,2577.9363462018
0.0154225206,40.0743478694,41.9832488379
3605.6160986063,20393.8421823091,8941.8380583736
21387.7973835433,69922.5399097820,18144.8561748247
2354.1716724736,2507.1318378951,926.7088272025
4000.8775175394,11381.4800358192,3690.6881072112
676.7998275706,25226.2376219520,17646.9521626662
1996.4136550931,5106.0153091658,4255.3468332176
28795.0792507079,44157.0163525767,103877.1739880001
52889.2242004847,16546.9642155111,111060.4954136350
3068.2943735119,7028.0443691617,2543.8338140469
26006.0135344147,18773.8282902587,46277.6207017677
16389.3090789123,12300.4192065066,11932.0341193177
30176.1064881592,85977.0125129167,22750.2869718422
6485.9510946578,4432.4715178469,9353.3919025308
16701.5055343484,27262.0045236210,7369.3840705925
12294.8090880935,8048.3218508308,32959.7036987371
25181.0953763863,70181.0927954314,19204.7997277029
1941.1979414901,8845.1274321551,2515.6327605585
4705.5134323896,8232.9381132071,484.7224135481
